{
  "Name": "Dark",
  "WindowBackground": "#1E1E1E",
  "WindowForeground": "#CCCCCC",
  "TitleBarBackground": "#2D2D30",
  "TitleBarForeground": "#CCCCCC",
  "PanelBackground": "#252526",
  "PanelForeground": "#CCCCCC",
  "BorderColor": "#3E3E42",
  "BorderColorDark": "#2D2D30",
  "DropIndicatorColor": "#6E6E6E",
  "BorderColorLight": "#454545",
  "MenuBackground": "#2D2D30",
  "MenuForeground": "#CCCCCC",
  "MenuHoverBackground": "#2D2D30",
  "MenuHoverForeground": "#FFFFFF",
  "MenuItemIndicator": "#007ACC",
  "ButtonBackground": "#3E3E42",
  "ButtonForeground": "#CCCCCC",
  "ButtonHoverBackground": "#505050",
  "ButtonBorder": "#3E3E42",
  "TextBoxBackground": "#1E1E1E",
  "TextBoxForeground": "#CCCCCC",
  "TextBoxBorder": "#3E3E42",
  "TreeViewBackground": "#252526",
  "TreeViewForeground": "#CCCCCC",
  "TreeViewHoverBackground": "#2A2D2E",
  "TreeViewSelectedBackground": "#3A3A3B",
  "TabBackground": "#2D2D30",
  "TabForeground": "#E5E5E5",
  "TabSelectedBackground": "#1E1E1E",
  "TabSelectedBorder": "#007ACC",
  "TabHoverBorder": "#3E3E42",
  "StatusBarBackground": "#007ACC",
  "StatusBarForeground": "#FFFFFF",
  "GridSplitterBackground": "#3E3E42",
  "NotificationBackground": "#2D2D30",
  "NotificationBorder": "#3E3E42",
  "NotificationForeground": "#CCCCCC",
  "GroupBoxBackground": "#252526",
  "GroupBoxForeground": "#CCCCCC",
  "GroupBoxBorder": "#3E3E42",
  "ScrollBarBackground": "#1E1E1E",
  "ScrollBarThumb": "#424242",
  "ScrollBarThumbHover": "#4E4E4E",
  "DataGridBackground": "#1E1E1E",
  "DataGridForeground": "#CCCCCC",
  "DataGridBorder": "#3E3E42",
  "DataGridHeaderBackground": "#2D2D30",
  "DataGridHeaderForeground": "#CCCCCC",
  "DataGridRowHoverBackground": "#2A2D2E",
  "DataGridRowSelectedBackground": "#094771"
}

