{
  "Name": "Light",
  "WindowBackground": "#FFFFFF",
  "WindowForeground": "#000000",
  "TitleBarBackground": "#F0F0F0",
  "TitleBarForeground": "#000000",
  "PanelBackground": "#F5F5F5",
  "PanelForeground": "#000000",
  "BorderColor": "#CCCCCC",
  "BorderColorDark": "#999999",
  "BorderColorLight": "#E0E0E0",
  "MenuBackground": "#F0F0F0",
  "MenuForeground": "#000000",
  "MenuHoverBackground": "#F0F0F0",
  "MenuHoverForeground": "#000000",
  "MenuItemIndicator": "#007ACC",
  "ButtonBackground": "#F0F0F0",
  "ButtonForeground": "#000000",
  "ButtonHoverBackground": "#E5E5E5",
  "ButtonBorder": "#CCCCCC",
  "TextBoxBackground": "#FFFFFF",
  "TextBoxForeground": "#000000",
  "TextBoxBorder": "#CCCCCC",
  "TreeViewBackground": "#FFFFFF",
  "TreeViewForeground": "#000000",
  "TreeViewHoverBackground": "#E5E5E5",
  "TreeViewSelectedBackground": "#D0E8FF",
  "TabBackground": "#F0F0F0",
  "TabForeground": "#1A1A1A",
  "DropIndicatorColor": "#999999",
  "TabSelectedBackground": "#FFFFFF",
  "TabSelectedBorder": "#999999",
  "TabHoverBorder": "#CCCCCC",
  "StatusBarBackground": "#F0F0F0",
  "StatusBarForeground": "#000000",
  "GridSplitterBackground": "#D0D0D0",
  "NotificationBackground": "#E0E0E0",
  "NotificationBorder": "#999999",
  "NotificationForeground": "#000000",
  "GroupBoxBackground": "#FFFFFF",
  "GroupBoxForeground": "#000000",
  "GroupBoxBorder": "#CCCCCC",
  "ScrollBarBackground": "#F0F0F0",
  "ScrollBarThumb": "#CCCCCC",
  "ScrollBarThumbHover": "#999999",
  "DataGridBackground": "#FFFFFF",
  "DataGridForeground": "#000000",
  "DataGridBorder": "#CCCCCC",
  "DataGridHeaderBackground": "#F0F0F0",
  "DataGridHeaderForeground": "#000000",
  "DataGridRowHoverBackground": "#F5F5F5",
  "DataGridRowSelectedBackground": "#D0E8FF"
}

